timestamp,query,generated_logic,result_preview,confidence_score,track_used,intent_json,feedback,feedback_note
2026-09-22T13:44:11.196619,Total sales in India for March,,[],0.15,,"{""primary_operation"":""AGGREGATE"",""secondary_operations"":[],""entities"":{},""time_constraint"":null,""n_value"":null,""tables_needed"":[""sales_data"",""targets""],""ambiguities"":[""Intent classification failed: 1 validation error for QueryIntent\n  Invalid JSON: EOF while parsing a list at line 6 column 14 [type=json_invalid, input_value='{\\n  \""description\"": \""Tot...ons\"": [\\n      \""FILTER\""', input_type=str]\n    For further information visit https://errors.pydantic.dev/2.11/v/json_invalid""]}",pending,
2026-09-22T13:45:45.129259,Top 2 cities by profit,"SELECT city, SUM(profit) AS total_profit FROM sales_data GROUP BY city ORDER BY total_profit DESC LIMIT 2","[{""city"":""New York"",""total_profit"":200.0},{""city"":""San Francisco"",""total_profit"":180.0}]",0.955,SQL,"{""primary_operation"":""AGGREGATE"",""secondary_operations"":[],""entities"":{},""time_constraint"":null,""n_value"":null,""tables_needed"":[""sales_data"",""targets""],""ambiguities"":[""Intent classification failed: 2 validation errors for QueryIntent\nprimary_operation\n  Field required [type=missing, input_value={'description': 'Top 2 ci...tent', 'type': 'object'}, input_type=dict]\n    For further information visit https://errors.pydantic.dev/2.11/v/missing\ntables_needed\n  Field required [type=missing, input_value={'description': 'Top 2 ci...tent', 'type': 'object'}, input_type=dict]\n    For further information visit https://errors.pydantic.dev/2.11/v/missing""]}",correct,Marked accurate via Web Dashboard
2026-09-22T13:51:37.949411,Top 5 cities by profit,"SELECT city, SUM(profit) AS total_profit FROM sales_data GROUP BY city ORDER BY total_profit DESC LIMIT 5","[{""city"":""New York"",""total_profit"":200},{""city"":""San Francisco"",""total_profit"":180},{""city"":""Berlin"",""total_profit"":150},{""city"":""Paris"",""total_profit"":120},{""city"":""London"",""total_profit"":50}]",0.88,Pandas,"{""primary_operation"":""AGGREGATE"",""secondary_operations"":[],""entities"":{},""time_constraint"":null,""n_value"":null,""tables_needed"":[""sales_data"",""targets""],""ambiguities"":[""Intent classification failed: 2 validation errors for QueryIntent\nprimary_operation\n  Field required [type=missing, input_value={'description': 'Top 5 ci...tent', 'type': 'object'}, input_type=dict]\n    For further information visit https://errors.pydantic.dev/2.11/v/missing\ntables_needed\n  Field required [type=missing, input_value={'description': 'Top 5 ci...tent', 'type': 'object'}, input_type=dict]\n    For further information visit https://errors.pydantic.dev/2.11/v/missing""]}",pending,
2026-09-22T13:54:58.234062,Top 2 cities by profit,"SELECT city, SUM(profit) AS total_profit FROM sales_data GROUP BY city ORDER BY total_profit DESC LIMIT 2","[{""city"":""New York"",""total_profit"":200.0},{""city"":""San Francisco"",""total_profit"":180.0}]",0.955,SQL,"{""primary_operation"":""AGGREGATE"",""secondary_operations"":[],""entities"":{},""time_constraint"":null,""n_value"":null,""tables_needed"":[""sales_data"",""targets""],""ambiguities"":[""Intent classification failed: 2 validation errors for QueryIntent\nprimary_operation\n  Field required [type=missing, input_value={'description': 'Top 2 ci...tent', 'type': 'object'}, input_type=dict]\n    For further information visit https://errors.pydantic.dev/2.11/v/missing\ntables_needed\n  Field required [type=missing, input_value={'description': 'Top 2 ci...tent', 'type': 'object'}, input_type=dict]\n    For further information visit https://errors.pydantic.dev/2.11/v/missing""]}",correct,Marked accurate via Web Dashboard
2026-09-22T14:18:09.748008,Top 2 cities by loss,"SELECT city, SUM(profit) AS total_profit FROM sales_data GROUP BY city ORDER BY total_profit ASC LIMIT 2","[{""city"":""Bangalore"",""total_profit"":15.0},{""city"":""Chicago"",""total_profit"":20.0}]",0.95,SQL,"{""primary_operation"":""AGGREGATE"",""secondary_operations"":[],""entities"":{},""time_constraint"":null,""n_value"":null,""tables_needed"":[""sales_data"",""targets""],""ambiguities"":[""Intent classification failed: 'NoneType' object has no attribute 'strip'""]}",pending,
2026-09-22T14:38:51.009042,Top 2 cities by loss,"SELECT city, SUM(profit) AS total_profit FROM sales_data GROUP BY city ORDER BY total_profit ASC LIMIT 2","[{""city"":""Bangalore"",""total_profit"":15},{""city"":""Chicago"",""total_profit"":20}]",0.875,Pandas,"{""primary_operation"":""AGGREGATE"",""secondary_operations"":[],""entities"":{},""time_constraint"":null,""n_value"":null,""tables_needed"":[""sales_data"",""targets""],""ambiguities"":[""Intent classification failed: 'NoneType' object has no attribute 'strip'""]}",pending,
2026-09-22T14:39:28.542723,Which region missed its target in Feb?,,[],0.15,None,"{""primary_operation"":""AGGREGATE"",""secondary_operations"":[],""entities"":{},""time_constraint"":null,""n_value"":null,""tables_needed"":[""sales_data"",""targets""],""ambiguities"":[""Intent classification failed: 'NoneType' object has no attribute 'strip'""]}",pending,
2026-09-22T14:40:19.744959,Sales contribution % by category,,[],0.15,None,"{""primary_operation"":""AGGREGATE"",""secondary_operations"":[],""entities"":{},""time_constraint"":null,""n_value"":null,""tables_needed"":[""sales_data"",""targets""],""ambiguities"":[""Intent classification failed: 1 validation error for QueryIntent\n  Invalid JSON: EOF while parsing an object at line 25 column 18 [type=json_invalid, input_value='{\\n  \""description\"": \""Cal...t\"",\\n  \""type\"": \""object\""', input_type=str]\n    For further information visit https://errors.pydantic.dev/2.11/v/json_invalid""]}",pending,
2026-09-22T14:40:51.009078,Top product in each region,,[],0.15,None,"{""primary_operation"":""AGGREGATE"",""secondary_operations"":[],""entities"":{},""time_constraint"":null,""n_value"":null,""tables_needed"":[""sales_data"",""targets""],""ambiguities"":[""Intent classification failed: 1 validation error for QueryIntent\n  Invalid JSON: EOF while parsing a string at line 9 column 5 [type=json_invalid, input_value='{\\n  \""description\"": \""Str... \""TOP_N\""\\n    ],\\n    \""', input_type=str]\n    For further information visit https://errors.pydantic.dev/2.11/v/json_invalid""]}",pending,
2026-09-22T14:41:51.435453,Revenue of top 3 customers per region,,[],0.15,None,"{""primary_operation"":""AGGREGATE"",""secondary_operations"":[],""entities"":{},""time_constraint"":null,""n_value"":null,""tables_needed"":[""sales_data"",""targets""],""ambiguities"":[""Intent classification failed: 1 validation error for QueryIntent\n  Invalid JSON: EOF while parsing a value at line 11 column 18 [type=json_invalid, input_value='{\\n  \""description\"": \""Rev...e\"",\\n      \""dimension\"":', input_type=str]\n    For further information visit https://errors.pydantic.dev/2.11/v/json_invalid""]}",pending,
2026-09-22T14:42:32.327531,Which region missed its target in Feb?,"SELECT t.region, SUM(s.quantity * s.unit_price * (1 - s.discount)) AS actual_revenue, t.target_revenue FROM targets t LEFT JOIN sales_data s ON t.region = s.region AND t.month = SUBSTRING(s.order_date, 1, 7) WHERE t.month = '2024-02' GROUP BY t.region, t.target_revenue HAVING SUM(s.quantity * s.unit_price * (1 - s.discount)) < t.target_revenue","[{""region"":""NA"",""actual_revenue"":1116.0,""target_revenue"":9500},{""region"":""EMEA"",""actual_revenue"":255.0,""target_revenue"":7500},{""region"":""APAC"",""actual_revenue"":75.0,""target_revenue"":6000}]",0.95,SQL,"{""primary_operation"":""AGGREGATE"",""secondary_operations"":[],""entities"":{},""time_constraint"":null,""n_value"":null,""tables_needed"":[""sales_data"",""targets""],""ambiguities"":[""Intent classification failed: 'NoneType' object has no attribute 'strip'""]}",pending,
2026-09-22T14:43:33.733257,Total sales in India for March,,[],0.15,None,"{""primary_operation"":""AGGREGATE"",""secondary_operations"":[],""entities"":{},""time_constraint"":null,""n_value"":null,""tables_needed"":[""sales_data"",""targets""],""ambiguities"":[""Intent classification failed: Error code: 429 - {'error': {'message': 'Rate limit exceeded: free-models-per-day. Add 10 credits to unlock 1000 free model requests per day', 'code': 429, 'metadata': {'headers': {'X-RateLimit-Limit': '50', 'X-RateLimit-Remaining': '0', 'X-RateLimit-Reset': '1790121600000'}, 'limit_source': 'openrouter_free_tier_daily', 'remedy_hint': 'Wait for the daily reset (see X-RateLimit-Reset), or purchase credits to raise your free-model daily limit.', 'provider_name': None}}, 'user_id': 'user_3ImpdZR839zLMUMuK0s1M2qXvb8'}""]}",pending,
2026-09-22T15:11:48.940817,Top 2 cities by profit,,[],0.2,None,"{""primary_operation"":""AGGREGATE"",""secondary_operations"":[],""entities"":{},""time_constraint"":null,""n_value"":null,""tables_needed"":[""sales_data"",""targets""],""ambiguities"":[""Intent classification failed: Error code: 429 - {'error': {'message': 'Rate limit exceeded: free-models-per-day. Add 10 credits to unlock 1000 free model requests per day', 'code': 429, 'metadata': {'headers': {'X-RateLimit-Limit': '50', 'X-RateLimit-Remaining': '0', 'X-RateLimit-Reset': '1790121600000'}, 'limit_source': 'openrouter_free_tier_daily', 'remedy_hint': 'Wait for the daily reset (see X-RateLimit-Reset), or purchase credits to raise your free-model daily limit.', 'provider_name': None}}, 'user_id': 'user_3ImpdZR839zLMUMuK0s1M2qXvb8'}""]}",pending,
2026-09-22T15:12:07.082939,Average order value by region,,[],0.15,None,"{""primary_operation"":""AGGREGATE"",""secondary_operations"":[],""entities"":{},""time_constraint"":null,""n_value"":null,""tables_needed"":[""sales_data"",""targets""],""ambiguities"":[""Intent classification failed: Error code: 429 - {'error': {'message': 'Rate limit exceeded: free-models-per-day. Add 10 credits to unlock 1000 free model requests per day', 'code': 429, 'metadata': {'headers': {'X-RateLimit-Limit': '50', 'X-RateLimit-Remaining': '0', 'X-RateLimit-Reset': '1790121600000'}, 'limit_source': 'openrouter_free_tier_daily', 'remedy_hint': 'Wait for the daily reset (see X-RateLimit-Reset), or purchase credits to raise your free-model daily limit.', 'provider_name': None}}, 'user_id': 'user_3ImpdZR839zLMUMuK0s1M2qXvb8'}""]}",pending,
2026-09-22T15:12:18.907233,Top 2 cities by profit,,[],0.2,None,"{""primary_operation"":""AGGREGATE"",""secondary_operations"":[],""entities"":{},""time_constraint"":null,""n_value"":null,""tables_needed"":[""sales_data"",""targets""],""ambiguities"":[""Intent classification failed: Error code: 429 - {'error': {'message': 'Rate limit exceeded: free-models-per-day. Add 10 credits to unlock 1000 free model requests per day', 'code': 429, 'metadata': {'headers': {'X-RateLimit-Limit': '50', 'X-RateLimit-Remaining': '0', 'X-RateLimit-Reset': '1790121600000'}, 'limit_source': 'openrouter_free_tier_daily', 'remedy_hint': 'Wait for the daily reset (see X-RateLimit-Reset), or purchase credits to raise your free-model daily limit.', 'provider_name': None}}, 'user_id': 'user_3ImpdZR839zLMUMuK0s1M2qXvb8'}""]}",pending,
2026-09-22T15:13:18.799725,Top  5       cities by profit,,[],0.2,None,"{""primary_operation"":""AGGREGATE"",""secondary_operations"":[],""entities"":{},""time_constraint"":null,""n_value"":null,""tables_needed"":[""sales_data"",""targets""],""ambiguities"":[""Intent classification failed: Error code: 429 - {'error': {'message': 'Rate limit exceeded: free-models-per-day. Add 10 credits to unlock 1000 free model requests per day', 'code': 429, 'metadata': {'headers': {'X-RateLimit-Limit': '50', 'X-RateLimit-Remaining': '0', 'X-RateLimit-Reset': '1790121600000'}, 'limit_source': 'openrouter_free_tier_daily', 'remedy_hint': 'Wait for the daily reset (see X-RateLimit-Reset), or purchase credits to raise your free-model daily limit.', 'provider_name': None}}, 'user_id': 'user_3ImpdZR839zLMUMuK0s1M2qXvb8'}""]}",pending,
2026-09-22T15:14:53.510145,Top 2 cities by profit,,[],0.2,None,"{""primary_operation"":""AGGREGATE"",""secondary_operations"":[],""entities"":{},""time_constraint"":null,""n_value"":null,""tables_needed"":[""sales_data"",""targets""],""ambiguities"":[""Intent classification failed: Error code: 429 - {'error': {'message': 'Rate limit exceeded: free-models-per-day. Add 10 credits to unlock 1000 free model requests per day', 'code': 429, 'metadata': {'headers': {'X-RateLimit-Limit': '50', 'X-RateLimit-Remaining': '0', 'X-RateLimit-Reset': '1790121600000'}, 'limit_source': 'openrouter_free_tier_daily', 'remedy_hint': 'Wait for the daily reset (see X-RateLimit-Reset), or purchase credits to raise your free-model daily limit.', 'provider_name': None}}, 'user_id': 'user_3ImpdZR839zLMUMuK0s1M2qXvb8'}""]}",pending,
2026-09-22T15:15:00.231344,Top 2 cities by profit,,[],0.2,None,"{""primary_operation"":""AGGREGATE"",""secondary_operations"":[],""entities"":{},""time_constraint"":null,""n_value"":null,""tables_needed"":[""sales_data"",""targets""],""ambiguities"":[""Intent classification failed: Error code: 429 - {'error': {'message': 'Rate limit exceeded: free-models-per-day. Add 10 credits to unlock 1000 free model requests per day', 'code': 429, 'metadata': {'headers': {'X-RateLimit-Limit': '50', 'X-RateLimit-Remaining': '0', 'X-RateLimit-Reset': '1790121600000'}, 'limit_source': 'openrouter_free_tier_daily', 'remedy_hint': 'Wait for the daily reset (see X-RateLimit-Reset), or purchase credits to raise your free-model daily limit.', 'provider_name': None}}, 'user_id': 'user_3ImpdZR839zLMUMuK0s1M2qXvb8'}""]}",pending,
2026-09-22T15:16:04.897827,Top 2 cities by profit,,[],0.2,None,"{""primary_operation"":""AGGREGATE"",""secondary_operations"":[],""entities"":{},""time_constraint"":null,""n_value"":null,""tables_needed"":[""sales_data"",""targets""],""ambiguities"":[""Intent classification failed: Error code: 429 - {'error': {'message': 'Rate limit exceeded: free-models-per-day. Add 10 credits to unlock 1000 free model requests per day', 'code': 429, 'metadata': {'headers': {'X-RateLimit-Limit': '50', 'X-RateLimit-Remaining': '0', 'X-RateLimit-Reset': '1790121600000'}, 'limit_source': 'openrouter_free_tier_daily', 'remedy_hint': 'Wait for the daily reset (see X-RateLimit-Reset), or purchase credits to raise your free-model daily limit.', 'provider_name': None}}, 'user_id': 'user_3ImpdZR839zLMUMuK0s1M2qXvb8'}""]}",pending,
2026-09-22T15:17:07.266386,Top 2 cities by profit,,[],0.2,None,"{""primary_operation"":""AGGREGATE"",""secondary_operations"":[],""entities"":{},""time_constraint"":null,""n_value"":null,""tables_needed"":[""sales_data"",""targets""],""ambiguities"":[""Intent classification failed: Error code: 429 - {'error': {'message': 'Rate limit exceeded: free-models-per-day. Add 10 credits to unlock 1000 free model requests per day', 'code': 429, 'metadata': {'headers': {'X-RateLimit-Limit': '50', 'X-RateLimit-Remaining': '0', 'X-RateLimit-Reset': '1790121600000'}, 'limit_source': 'openrouter_free_tier_daily', 'remedy_hint': 'Wait for the daily reset (see X-RateLimit-Reset), or purchase credits to raise your free-model daily limit.', 'provider_name': None}}, 'user_id': 'user_3ImpdZR839zLMUMuK0s1M2qXvb8'}""]}",pending,
2026-09-22T15:21:23.368327,Top 2 cities by profit,"SELECT city, ROUND(SUM(profit), 2) AS total_profit
FROM sales_data

GROUP BY city
ORDER BY total_profit DESC
LIMIT 2;","[{""city"":""New York"",""total_profit"":200.0},{""city"":""San Francisco"",""total_profit"":180.0}]",0.97,SQL,"{""primary_operation"":""RANK"",""secondary_operations"":[""TOP_N""],""entities"":{""city"":""group""},""time_constraint"":null,""n_value"":2,""tables_needed"":[""sales_data""],""ambiguities"":[]}",pending,
2026-09-22T15:22:34.375799,Top 2 cities by profit,,[],0.2,None,"{""primary_operation"":""AGGREGATE"",""secondary_operations"":[],""entities"":{},""time_constraint"":null,""n_value"":null,""tables_needed"":[""sales_data"",""targets""],""ambiguities"":[""Intent classification failed: Error code: 429 - {'error': {'message': 'Rate limit exceeded: free-models-per-day. Add 10 credits to unlock 1000 free model requests per day', 'code': 429, 'metadata': {'headers': {'X-RateLimit-Limit': '50', 'X-RateLimit-Remaining': '0', 'X-RateLimit-Reset': '1790121600000'}, 'limit_source': 'openrouter_free_tier_daily', 'remedy_hint': 'Wait for the daily reset (see X-RateLimit-Reset), or purchase credits to raise your free-model daily limit.', 'provider_name': None}}, 'user_id': 'user_3ImpdZR839zLMUMuK0s1M2qXvb8'}""]}",pending,
2026-09-22T15:22:49.095434,Top 2 cities by loss,,[],0.17,None,"{""primary_operation"":""AGGREGATE"",""secondary_operations"":[],""entities"":{},""time_constraint"":null,""n_value"":null,""tables_needed"":[""sales_data"",""targets""],""ambiguities"":[""Intent classification failed: Error code: 429 - {'error': {'message': 'Rate limit exceeded: free-models-per-day. Add 10 credits to unlock 1000 free model requests per day', 'code': 429, 'metadata': {'headers': {'X-RateLimit-Limit': '50', 'X-RateLimit-Remaining': '0', 'X-RateLimit-Reset': '1790121600000'}, 'limit_source': 'openrouter_free_tier_daily', 'remedy_hint': 'Wait for the daily reset (see X-RateLimit-Reset), or purchase credits to raise your free-model daily limit.', 'provider_name': None}}, 'user_id': 'user_3ImpdZR839zLMUMuK0s1M2qXvb8'}""]}",pending,
2026-09-22T15:23:10.467240,Top 2 cities by loss,,[],0.17,None,"{""primary_operation"":""AGGREGATE"",""secondary_operations"":[],""entities"":{},""time_constraint"":null,""n_value"":null,""tables_needed"":[""sales_data"",""targets""],""ambiguities"":[""Intent classification failed: Error code: 429 - {'error': {'message': 'Rate limit exceeded: free-models-per-day. Add 10 credits to unlock 1000 free model requests per day', 'code': 429, 'metadata': {'headers': {'X-RateLimit-Limit': '50', 'X-RateLimit-Remaining': '0', 'X-RateLimit-Reset': '1790121600000'}, 'limit_source': 'openrouter_free_tier_daily', 'remedy_hint': 'Wait for the daily reset (see X-RateLimit-Reset), or purchase credits to raise your free-model daily limit.', 'provider_name': None}}, 'user_id': 'user_3ImpdZR839zLMUMuK0s1M2qXvb8'}""]}",pending,
2026-09-22T15:23:50.479322,Top 2 cities by loss,,[],0.17,None,"{""primary_operation"":""AGGREGATE"",""secondary_operations"":[],""entities"":{},""time_constraint"":null,""n_value"":null,""tables_needed"":[""sales_data"",""targets""],""ambiguities"":[""Intent classification failed: Error code: 429 - {'error': {'message': 'Rate limit exceeded: free-models-per-day. Add 10 credits to unlock 1000 free model requests per day', 'code': 429, 'metadata': {'headers': {'X-RateLimit-Limit': '50', 'X-RateLimit-Remaining': '0', 'X-RateLimit-Reset': '1790121600000'}, 'limit_source': 'openrouter_free_tier_daily', 'remedy_hint': 'Wait for the daily reset (see X-RateLimit-Reset), or purchase credits to raise your free-model daily limit.', 'provider_name': None}}, 'user_id': 'user_3ImpdZR839zLMUMuK0s1M2qXvb8'}""]}",pending,
2026-09-22T15:23:55.427332,Top 2 cities by loss,,[],0.17,None,"{""primary_operation"":""AGGREGATE"",""secondary_operations"":[],""entities"":{},""time_constraint"":null,""n_value"":null,""tables_needed"":[""sales_data"",""targets""],""ambiguities"":[""Intent classification failed: Error code: 429 - {'error': {'message': 'Rate limit exceeded: free-models-per-day. Add 10 credits to unlock 1000 free model requests per day', 'code': 429, 'metadata': {'headers': {'X-RateLimit-Limit': '50', 'X-RateLimit-Remaining': '0', 'X-RateLimit-Reset': '1790121600000'}, 'limit_source': 'openrouter_free_tier_daily', 'remedy_hint': 'Wait for the daily reset (see X-RateLimit-Reset), or purchase credits to raise your free-model daily limit.', 'provider_name': None}}, 'user_id': 'user_3ImpdZR839zLMUMuK0s1M2qXvb8'}""]}",pending,
2026-09-22T15:24:13.265988,Top 2 cities by loss,,[],0.17,None,"{""primary_operation"":""AGGREGATE"",""secondary_operations"":[],""entities"":{},""time_constraint"":null,""n_value"":null,""tables_needed"":[""sales_data"",""targets""],""ambiguities"":[""Intent classification failed: Error code: 429 - {'error': {'message': 'Rate limit exceeded: free-models-per-day. Add 10 credits to unlock 1000 free model requests per day', 'code': 429, 'metadata': {'headers': {'X-RateLimit-Limit': '50', 'X-RateLimit-Remaining': '0', 'X-RateLimit-Reset': '1790121600000'}, 'limit_source': 'openrouter_free_tier_daily', 'remedy_hint': 'Wait for the daily reset (see X-RateLimit-Reset), or purchase credits to raise your free-model daily limit.', 'provider_name': None}}, 'user_id': 'user_3ImpdZR839zLMUMuK0s1M2qXvb8'}""]}",pending,
2026-09-22T15:24:49.895395,Top 2 cities by loss,"SELECT city, ROUND(SUM(quantity * unit_price * (1 - discount)), 2) AS total_revenue
FROM sales_data

GROUP BY city
ORDER BY total_revenue DESC
LIMIT 2;","[{""city"":""San Francisco"",""total_revenue"":2068.0},{""city"":""Paris"",""total_revenue"":1288.0}]",0.97,SQL,"{""primary_operation"":""RANK"",""secondary_operations"":[""TOP_N""],""entities"":{""city"":""group""},""time_constraint"":null,""n_value"":2,""tables_needed"":[""sales_data""],""ambiguities"":[]}",pending,
2026-09-22T15:27:30.392433,Top 2 cities by loss,"SELECT city, ROUND(SUM(profit), 2) AS total_profit
FROM sales_data

GROUP BY city
ORDER BY total_profit ASC
LIMIT 2;","[{""city"":""Bangalore"",""total_profit"":15.0},{""city"":""Chicago"",""total_profit"":20.0}]",0.927,SQL,"{""primary_operation"":""RANK"",""secondary_operations"":[""BOTTOM_N"",""TOP_N""],""entities"":{""metric"":""profit"",""order"":""asc"",""city"":""group""},""time_constraint"":null,""n_value"":2,""tables_needed"":[""sales_data""],""ambiguities"":[]}",pending,
2026-09-22T15:28:11.558205,Top 2 cities by profit,,[],0.2,None,"{""primary_operation"":""AGGREGATE"",""secondary_operations"":[],""entities"":{},""time_constraint"":null,""n_value"":null,""tables_needed"":[""sales_data"",""targets""],""ambiguities"":[""Intent classification failed: Error code: 429 - {'error': {'message': 'Rate limit exceeded: free-models-per-day. Add 10 credits to unlock 1000 free model requests per day', 'code': 429, 'metadata': {'headers': {'X-RateLimit-Limit': '50', 'X-RateLimit-Remaining': '0', 'X-RateLimit-Reset': '1790121600000'}, 'limit_source': 'openrouter_free_tier_daily', 'remedy_hint': 'Wait for the daily reset (see X-RateLimit-Reset), or purchase credits to raise your free-model daily limit.', 'provider_name': None}}, 'user_id': 'user_3ImpdZR839zLMUMuK0s1M2qXvb8'}""]}",pending,
2026-09-22T15:28:32.721438,Top 2 cities by profit,,[],0.2,None,"{""primary_operation"":""AGGREGATE"",""secondary_operations"":[],""entities"":{},""time_constraint"":null,""n_value"":null,""tables_needed"":[""sales_data"",""targets""],""ambiguities"":[""Intent classification failed: Error code: 429 - {'error': {'message': 'Rate limit exceeded: free-models-per-day. Add 10 credits to unlock 1000 free model requests per day', 'code': 429, 'metadata': {'headers': {'X-RateLimit-Limit': '50', 'X-RateLimit-Remaining': '0', 'X-RateLimit-Reset': '1790121600000'}, 'limit_source': 'openrouter_free_tier_daily', 'remedy_hint': 'Wait for the daily reset (see X-RateLimit-Reset), or purchase credits to raise your free-model daily limit.', 'provider_name': None}}, 'user_id': 'user_3ImpdZR839zLMUMuK0s1M2qXvb8'}""]}",pending,
2026-09-22T15:29:21.097069,Top 2 cities by loss,,[],0.17,None,"{""primary_operation"":""AGGREGATE"",""secondary_operations"":[],""entities"":{},""time_constraint"":null,""n_value"":null,""tables_needed"":[""sales_data"",""targets""],""ambiguities"":[""Intent classification failed: Error code: 429 - {'error': {'message': 'Rate limit exceeded: free-models-per-day. Add 10 credits to unlock 1000 free model requests per day', 'code': 429, 'metadata': {'headers': {'X-RateLimit-Limit': '50', 'X-RateLimit-Remaining': '0', 'X-RateLimit-Reset': '1790121600000'}, 'limit_source': 'openrouter_free_tier_daily', 'remedy_hint': 'Wait for the daily reset (see X-RateLimit-Reset), or purchase credits to raise your free-model daily limit.', 'provider_name': None}}, 'user_id': 'user_3ImpdZR839zLMUMuK0s1M2qXvb8'}""]}",pending,
2026-09-22T15:30:02.639981,Top 2 cities by loss,"SELECT city, ROUND(SUM(profit), 2) AS total_profit
FROM sales_data

GROUP BY city
ORDER BY total_profit ASC
LIMIT 2;","[{""city"":""Bangalore"",""total_profit"":15.0},{""city"":""Chicago"",""total_profit"":20.0}]",0.927,SQL,"{""primary_operation"":""RANK"",""secondary_operations"":[""BOTTOM_N"",""TOP_N""],""entities"":{""metric"":""profit"",""order"":""asc"",""city"":""group""},""time_constraint"":null,""n_value"":2,""tables_needed"":[""sales_data""],""ambiguities"":[]}",pending,
2026-09-22T15:30:22.183956,Top 2 cities by profit,"SELECT city, ROUND(SUM(profit), 2) AS total_profit
FROM sales_data

GROUP BY city
ORDER BY total_profit DESC
LIMIT 2;","[{""city"":""New York"",""total_profit"":200.0},{""city"":""San Francisco"",""total_profit"":180.0}]",0.97,SQL,"{""primary_operation"":""RANK"",""secondary_operations"":[""TOP_N""],""entities"":{""city"":""group""},""time_constraint"":null,""n_value"":2,""tables_needed"":[""sales_data""],""ambiguities"":[]}",pending,
2026-09-22T15:30:26.826560,Total sales in India for March,"SELECT ROUND(SUM(quantity * unit_price * (1 - discount)), 2) AS total_revenue
FROM sales_data
WHERE LOWER(country) = 'india' AND strftime(CAST(order_date AS DATE), '%m') = '03';","[{""total_revenue"":108.0}]",0.97,SQL,"{""primary_operation"":""AGGREGATE"",""secondary_operations"":[],""entities"":{},""time_constraint"":""march"",""n_value"":null,""tables_needed"":[""sales_data""],""ambiguities"":[]}",pending,
2026-09-22T15:30:31.367561,Which region missed its target in Feb?,"SELECT t.region, t.month, t.target_revenue, 
ROUND(COALESCE(SUM(s.quantity * s.unit_price * (1 - s.discount)), 0), 2) AS actual_revenue
FROM targets t
LEFT JOIN sales_data s 
  ON t.region = s.region 
  AND strftime(CAST(s.order_date AS DATE), '%Y-%m') = t.month
WHERE t.month = '2024-02'
GROUP BY t.region, t.month, t.target_revenue
HAVING actual_revenue < t.target_revenue;","[{""region"":""NA"",""month"":""2024-02"",""target_revenue"":9500,""actual_revenue"":1116.0},{""region"":""EMEA"",""month"":""2024-02"",""target_revenue"":7500,""actual_revenue"":255.0},{""region"":""APAC"",""month"":""2024-02"",""target_revenue"":6000,""actual_revenue"":75.0}]",0.97,SQL,"{""primary_operation"":""COMPARE"",""secondary_operations"":[""JOIN""],""entities"":{""region"":""group""},""time_constraint"":""feb"",""n_value"":null,""tables_needed"":[""sales_data"",""targets""],""ambiguities"":[]}",pending,
2026-09-22T15:30:35.510139,Average order value by region,"SELECT region, ROUND(SUM(quantity * unit_price * (1 - discount)) / COUNT(DISTINCT order_id), 2) AS avg_order_value
FROM sales_data

GROUP BY region
ORDER BY avg_order_value DESC
;","[{""region"":""NA"",""avg_order_value"":1087.47},{""region"":""EMEA"",""avg_order_value"":799.33},{""region"":""APAC"",""avg_order_value"":118.5}]",0.95,SQL,"{""primary_operation"":""AGGREGATE"",""secondary_operations"":[],""entities"":{""region"":""group""},""time_constraint"":null,""n_value"":null,""tables_needed"":[""sales_data""],""ambiguities"":[]}",pending,
2026-09-22T15:32:53.169272,Top 2 cities by profit,"SELECT city, ROUND(SUM(profit), 2) AS total_profit
FROM sales_data

GROUP BY city
ORDER BY total_profit DESC
LIMIT 2;","[{""city"":""New York"",""total_profit"":200.0},{""city"":""San Francisco"",""total_profit"":180.0}]",0.97,SQL,"{""primary_operation"":""RANK"",""secondary_operations"":[""TOP_N""],""entities"":{""city"":""group""},""time_constraint"":null,""n_value"":2,""tables_needed"":[""sales_data""],""ambiguities"":[]}",pending,
2026-09-22T15:33:10.230418,Which region missed its target in Feb?,"SELECT t.region, t.month, t.target_revenue, 
ROUND(COALESCE(SUM(s.quantity * s.unit_price * (1 - s.discount)), 0), 2) AS actual_revenue
FROM targets t
LEFT JOIN sales_data s 
  ON t.region = s.region 
  AND strftime(CAST(s.order_date AS DATE), '%Y-%m') = t.month
WHERE t.month = '2024-02'
GROUP BY t.region, t.month, t.target_revenue
HAVING actual_revenue < t.target_revenue;","[{""region"":""EMEA"",""month"":""2024-02"",""target_revenue"":7500,""actual_revenue"":255.0},{""region"":""APAC"",""month"":""2024-02"",""target_revenue"":6000,""actual_revenue"":75.0},{""region"":""NA"",""month"":""2024-02"",""target_revenue"":9500,""actual_revenue"":1116.0}]",0.97,SQL,"{""primary_operation"":""COMPARE"",""secondary_operations"":[""JOIN""],""entities"":{""region"":""group""},""time_constraint"":""feb"",""n_value"":null,""tables_needed"":[""sales_data"",""targets""],""ambiguities"":[]}",pending,
2026-09-22T15:33:27.573618,Revenue of top 3 customers per region,"WITH customer_revenue AS (
  SELECT region, customer_id, 
         ROUND(SUM(quantity * unit_price * (1 - discount)), 2) AS total_revenue,
         DENSE_RANK() OVER (PARTITION BY region ORDER BY SUM(quantity * unit_price * (1 - discount)) DESC) as rnk
  FROM sales_data
  GROUP BY region, customer_id
)
SELECT region, customer_id, total_revenue
FROM customer_revenue
WHERE rnk <= 3
ORDER BY region, total_revenue DESC;","[{""region"":""APAC"",""customer_id"":""C001"",""total_revenue"":324.0},{""region"":""APAC"",""customer_id"":""C006"",""total_revenue"":75.0},{""region"":""APAC"",""customer_id"":""C003"",""total_revenue"":75.0},{""region"":""EMEA"",""customer_id"":""C008"",""total_revenue"":1288.0},{""region"":""EMEA"",""customer_id"":""C002"",""total_revenue"":855.0},{""region"":""EMEA"",""customer_id"":""C005"",""total_revenue"":255.0},{""region"":""NA"",""customer_id"":""C009"",""total_revenue"":2068.0},{""region"":""NA"",""customer_id"":""C004"",""total_revenue"":1116.0},{""region"":""NA"",""customer_id"":""C007"",""total_revenue"":78.4}]",0.95,SQL,"{""primary_operation"":""RANK"",""secondary_operations"":[""TOP_N""],""entities"":{""region"":""group""},""time_constraint"":null,""n_value"":3,""tables_needed"":[""sales_data""],""ambiguities"":[]}",pending,
2026-09-22T15:34:04.517024,Which region missed its target in Feb?,"SELECT t.region, t.month, t.target_revenue, 
ROUND(COALESCE(SUM(s.quantity * s.unit_price * (1 - s.discount)), 0), 2) AS actual_revenue
FROM targets t
LEFT JOIN sales_data s 
  ON t.region = s.region 
  AND strftime(CAST(s.order_date AS DATE), '%Y-%m') = t.month
WHERE t.month = '2024-02'
GROUP BY t.region, t.month, t.target_revenue
HAVING actual_revenue < t.target_revenue;","[{""region"":""EMEA"",""month"":""2024-02"",""target_revenue"":7500,""actual_revenue"":255.0},{""region"":""APAC"",""month"":""2024-02"",""target_revenue"":6000,""actual_revenue"":75.0},{""region"":""NA"",""month"":""2024-02"",""target_revenue"":9500,""actual_revenue"":1116.0}]",0.97,SQL,"{""primary_operation"":""COMPARE"",""secondary_operations"":[""JOIN""],""entities"":{""region"":""group""},""time_constraint"":""feb"",""n_value"":null,""tables_needed"":[""sales_data"",""targets""],""ambiguities"":[]}",pending,
2026-09-22T15:35:03.016190,Top 2 cities by loss,"SELECT city, ROUND(SUM(profit), 2) AS total_profit
FROM sales_data

GROUP BY city
ORDER BY total_profit ASC
LIMIT 2;","[{""city"":""Bangalore"",""total_profit"":15.0},{""city"":""Chicago"",""total_profit"":20.0}]",0.927,SQL,"{""primary_operation"":""RANK"",""secondary_operations"":[""BOTTOM_N"",""TOP_N""],""entities"":{""metric"":""profit"",""order"":""asc"",""city"":""group""},""time_constraint"":null,""n_value"":2,""tables_needed"":[""sales_data""],""ambiguities"":[]}",pending,
2026-09-22T15:35:29.749966,Sales contribution % by category,"SELECT product_category, 
       ROUND(SUM(quantity * unit_price * (1 - discount)), 2) AS category_revenue,
       ROUND(100.0 * SUM(quantity * unit_price * (1 - discount)) / SUM(SUM(quantity * unit_price * (1 - discount))) OVER (), 2) AS contribution_pct
FROM sales_data
GROUP BY product_category
ORDER BY contribution_pct DESC;","[{""product_category"":""Technology"",""category_revenue"":5402.0,""contribution_pct"":88.06},{""product_category"":""Furniture"",""category_revenue"":579.0,""contribution_pct"":9.44},{""product_category"":""Office Supplies"",""category_revenue"":153.4,""contribution_pct"":2.5}]",0.951,SQL,"{""primary_operation"":""AGGREGATE"",""secondary_operations"":[""PCT_CONTRIBUTION""],""entities"":{},""time_constraint"":null,""n_value"":null,""tables_needed"":[""sales_data""],""ambiguities"":[]}",pending,
2026-09-22T15:36:03.437468,Top 2 cities by profit,"SELECT city, ROUND(SUM(profit), 2) AS total_profit
FROM sales_data

GROUP BY city
ORDER BY total_profit DESC
LIMIT 2;","[{""city"":""New York"",""total_profit"":200.0},{""city"":""San Francisco"",""total_profit"":180.0}]",0.97,SQL,"{""primary_operation"":""RANK"",""secondary_operations"":[""TOP_N""],""entities"":{""city"":""group""},""time_constraint"":null,""n_value"":2,""tables_needed"":[""sales_data""],""ambiguities"":[]}",pending,
2026-09-22T15:36:22.762478,Sales contribution % by category,"SELECT product_category, 
       ROUND(SUM(quantity * unit_price * (1 - discount)), 2) AS category_revenue,
       ROUND(100.0 * SUM(quantity * unit_price * (1 - discount)) / SUM(SUM(quantity * unit_price * (1 - discount))) OVER (), 2) AS contribution_pct
FROM sales_data
GROUP BY product_category
ORDER BY contribution_pct DESC;","[{""product_category"":""Technology"",""category_revenue"":5402.0,""contribution_pct"":88.06},{""product_category"":""Furniture"",""category_revenue"":579.0,""contribution_pct"":9.44},{""product_category"":""Office Supplies"",""category_revenue"":153.4,""contribution_pct"":2.5}]",0.951,SQL,"{""primary_operation"":""AGGREGATE"",""secondary_operations"":[""PCT_CONTRIBUTION""],""entities"":{},""time_constraint"":null,""n_value"":null,""tables_needed"":[""sales_data""],""ambiguities"":[]}",pending,
